ProcessID,Date,Start_LanguageModel,Version,PC,Method,NumJobs,Time_Total,Time_DownloadScript,Time_Download,Time_WriteCorpus,Count_CorpusLines,FileSize_Corpus,Time_CleanScript,Time_ReadCorpus,Time_cleanCorpus,Count_WordTokens,Count_TokensLines,SampleTrainRate,Seed,Count_SampleTrainLines,FileSize_TrainTokens,Time_LanguageModel,Time_CreateNGram,Time_NGramData,TestModel,SampleTestRate,Count_TestLines,Accuracy,MeanTime_StupidBackoff,Stop_LanguageModel,FileSize_Tokens,Start_Ngram,Stop_Ngram
0,2017/07/31,17:14:22,Git 0.1,ASUS,MapReduce,8,232,0,,,12810361,651.73,3,,,,9907924,0.05,17895,495396,30.28,232,153,74,no,0.01,,,,,605.42,17:14:27,17:18:14
0,2017/07/31,17:18:14,Git 0.1,ASUS,MapReduce,8,461,0,,,12810361,651.73,3,,,,9907924,0.1,17895,990792,60.57,460,286,168,no,0.01,,,,,605.42,17:18:20,17:25:54
0,2017/07/31,17:25:56,Git 0.1,ASUS,MapReduce,8,764,0,,,12810361,651.73,3,,,,9907924,0.15,17895,1486189,90.86,764,452,304,no,0.01,,,,,605.42,17:26:04,17:38:40
0,2017/07/31,17:38:41,Git 0.1,ASUS,MapReduce,8,1121,0,,,12810361,651.73,3,,,,9907924,0.2,17895,1981585,121.14,1121,692,420,no,0.01,,,,,605.42,17:38:50,17:57:22
0,2017/07/31,17:57:36,Git 0.1,ASUS,MapReduce,8,1768,0,,,12810361,651.73,4,,,,9907924,0.25,17895,2476981,151.4,1768,1209,548,no,0.01,,,,,605.42,17:57:47,18:27:04
0,2017/07/31,18:27:21,Git 0.1,ASUS,MapReduce,8,2467,0,,,12810361,651.73,4,,,,9907924,0.3,17895,2972377,181.6,2467,1743,711,no,0.01,,,,,605.42,18:27:34,19:08:28
0,2017/07/31,19:08:44,Git 0.1,ASUS,MapReduce,8,3693,0,,,12810361,651.73,10,,,,9907924,0.35,17895,3467773,211.92,3693,2787,885,no,0.01,,,,,605.42,19:09:05,20:10:17
0,2017/07/31,20:10:36,Git 0.1,ASUS,MapReduce,8,5363,0,,,12810361,651.73,13,,,,9907924,0.4,17895,3963170,242.19,5362,4121,1214,no,0.01,,,,,605.42,20:11:03,21:39:58
0,2017/07/31,21:45:03,Git 0.1,ASUS,MapReduce,8,63,0,,,12810361,651.73,2,,,,9907924,0.01,17895,99079,6.08,63,43,16,no,0.01,,,,,605.42,21:45:07,21:46:06
0,2017/07/31,21:46:07,Git 0.1,ASUS,MapReduce,8,101,0,,,12810361,651.73,3,,,,9907924,0.02,17895,198158,12.13,101,63,33,no,0.01,,,,,605.42,21:46:12,21:47:48
0,2017/07/31,21:47:49,Git 0.1,ASUS,MapReduce,8,140,0,,,12810361,651.73,2,,,,9907924,0.03,17895,297238,18.18,140,84,51,no,0.01,,,,,605.42,21:47:54,21:50:09
0,2017/07/31,21:50:10,Git 0.1,ASUS,MapReduce,8,184,0,,,12810361,651.73,2,,,,9907924,0.04,17895,396317,24.23,184,109,70,no,0.01,,,,,605.42,21:50:15,21:53:14
0,2017/07/31,21:53:15,Git 0.1,ASUS,MapReduce,8,223,0,,,12810361,651.73,2,,,,9907924,0.05,17895,495396,30.28,223,133,85,no,0.01,,,,,605.42,21:53:20,21:56:58
0,2017/07/31,21:56:59,Git 0.1,ASUS,MapReduce,8,267,0,,,12810361,651.73,2,,,,9907924,0.06,17895,594475,36.34,267,160,102,no,0.01,,,,,605.42,21:57:04,22:01:26
0,2017/07/31,22:01:27,Git 0.1,ASUS,MapReduce,8,329,0,,,12810361,651.73,3,,,,9907924,0.07,17895,693555,42.42,329,198,125,no,0.01,,,,,605.42,22:01:33,22:06:56
0,2017/07/31,22:06:57,Git 0.1,ASUS,MapReduce,8,390,0,,,12810361,651.73,3,,,,9907924,0.08,17895,792634,48.46,390,227,156,no,0.01,,,,,605.42,22:07:04,22:13:27
0,2017/07/31,22:13:28,Git 0.1,ASUS,MapReduce,8,455,0,,,12810361,651.73,2,,,,9907924,0.09,17895,891713,54.51,455,257,192,no,0.01,,,,,605.42,22:13:34,22:21:03
0,2017/07/31,22:21:04,Git 0.1,ASUS,MapReduce,8,519,0,,,12810361,651.73,2,,,,9907924,0.1,17895,990792,60.57,519,292,218,no,0.01,,,,,605.42,22:21:12,22:29:43
0,2017/07/31,22:32:01,Git 0.1,ASUS,Sequential,1,44,0,,,12810361,651.73,3,,,,9907924,0.01,17895,99079,6.08,44,5,18,no,0.01,,,,,605.42,22:32:06,22:32:45
0,2017/07/31,22:32:45,Git 0.1,ASUS,Sequential,1,84,0,,,12810361,651.73,3,,,,9907924,0.02,17895,198158,12.13,84,9,37,no,0.01,,,,,605.42,22:32:50,22:34:09
0,2017/07/31,22:34:09,Git 0.1,ASUS,Sequential,1,124,0,,,12810361,651.73,3,,,,9907924,0.03,17895,297238,18.18,124,14,56,no,0.01,,,,,605.42,22:34:14,22:36:13
0,2017/07/31,22:36:13,Git 0.1,ASUS,Sequential,1,164,0,,,12810361,651.73,3,,,,9907924,0.04,17895,396317,24.23,164,18,75,no,0.01,,,,,605.42,22:36:18,22:38:57
0,2017/07/31,22:38:58,Git 0.1,ASUS,Sequential,1,208,0,,,12810361,651.73,2,,,,9907924,0.05,17895,495396,30.28,208,22,97,no,0.01,,,,,605.42,22:39:03,22:42:26
0,2017/07/31,22:42:26,Git 0.1,ASUS,Sequential,1,252,0,,,12810361,651.73,3,,,,9907924,0.06,17895,594475,36.34,252,27,115,no,0.01,,,,,605.42,22:42:32,22:46:38
0,2017/07/31,22:46:38,Git 0.1,ASUS,Sequential,1,292,0,,,12810361,651.73,3,,,,9907924,0.07,17895,693555,42.42,292,31,133,no,0.01,,,,,605.42,22:46:44,22:51:30
0,2017/07/31,22:51:30,Git 0.1,ASUS,Sequential,1,331,0,,,12810361,651.73,3,,,,9907924,0.08,17895,792634,48.46,331,34,153,no,0.01,,,,,605.42,22:51:36,22:57:01
0,2017/07/31,22:57:01,Git 0.1,ASUS,Sequential,1,372,0,,,12810361,651.73,4,,,,9907924,0.09,17895,891713,54.51,372,39,172,no,0.01,,,,,605.42,22:57:08,23:03:13
0,2017/07/31,23:05:32,Git 0.1,ASUS,Sequential,1,403,0,,,12810361,651.73,2,,,,9907924,0.1,17895,990792,60.57,403,42,189,no,0.01,,,,,605.42,23:05:38,23:12:15
0,2017/07/31,23:23:41,Git 0.1,ASUS,Sequential,1,43,0,,,12810361,651.73,2,,,,9907924,0.01,17895,99079,6.08,43,21,18,no,0.01,,,,,605.42,23:23:45,23:24:24
0,2017/07/31,23:24:25,Git 0.1,ASUS,Sequential,1,83,0,,,12810361,651.73,3,,,,9907924,0.02,17895,198158,12.13,83,41,37,no,0.01,,,,,605.42,23:24:30,23:25:48
0,2017/07/31,23:25:49,Git 0.1,ASUS,Sequential,1,121,0,,,12810361,651.73,2,,,,9907924,0.03,17895,297238,18.18,121,60,56,no,0.01,,,,,605.42,23:25:54,23:27:50
0,2017/07/31,23:27:51,Git 0.1,ASUS,Sequential,1,164,0,,,12810361,651.73,3,,,,9907924,0.04,17895,396317,24.23,164,82,77,no,0.01,,,,,605.42,23:27:56,23:30:35
0,2017/07/31,23:53:53,Git 0.1,ASUS,MapReduce,8,67,0,,,12810361,651.73,3,,,,9907924,0.01,17895,99079,6.08,67,46,17,no,0.01,,,,,605.42,23:53:57,23:55:00
0,2017/07/31,23:55:01,Git 0.1,ASUS,MapReduce,8,132,0,,,12810361,651.73,2,,,,9907924,0.02,17895,198158,12.13,132,95,33,no,0.01,,,,,605.42,23:55:05,23:57:13
0,2017/08/01,00:00:03,Git 0.1,ASUS,MapReduce,8,65,0,,,12810361,651.73,2,,,,9907924,0.01,17895,99079,6.08,65,45,16,no,0.01,,,,,605.42,00:00:07,00:01:08
0,2017/08/01,00:18:50,Git 0.1,ASUS,MapReduce,8,65,0,,,12810361,651.73,3,,,,9907924,0.01,17895,99079,6.08,65,44,16,no,0.01,,,,,605.42,00:18:55,00:19:55
0,2017/08/01,00:19:56,Git 0.1,ASUS,MapReduce,8,120,0,,,12810361,651.73,2,,,,9907924,0.02,17895,198158,12.13,120,86,30,no,0.01,,,,,605.42,00:20:00,00:21:56
0,2017/08/01,00:21:57,Git 0.1,ASUS,MapReduce,8,160,0,,,12810361,651.73,2,,,,9907924,0.03,17895,297238,18.18,160,112,44,no,0.01,,,,,605.42,00:22:01,00:24:37
0,2017/08/01,00:24:38,Git 0.1,ASUS,MapReduce,8,203,0,,,12810361,651.73,3,,,,9907924,0.04,17895,396317,24.23,203,139,59,no,0.01,,,,,605.42,00:24:43,00:28:01
0,2017/08/01,00:28:03,Git 0.1,ASUS,MapReduce,8,240,0,,,12810361,651.73,2,,,,9907924,0.05,17895,495396,30.28,240,163,72,no,0.01,,,,,605.42,00:28:08,00:32:03
0,2017/08/01,00:32:05,Git 0.1,ASUS,MapReduce,8,264,0,,,12810361,651.73,2,,,,9907924,0.06,17895,594475,36.34,264,175,84,no,0.01,,,,,605.42,00:32:10,00:36:29
0,2017/08/01,00:36:32,Git 0.1,ASUS,MapReduce,8,321,0,,,12810361,651.73,2,,,,9907924,0.07,17895,693555,42.42,321,217,99,no,0.01,,,,,605.42,00:36:37,00:41:53
0,2017/08/01,00:41:55,Git 0.1,ASUS,MapReduce,8,365,0,,,12810361,651.73,3,,,,9907924,0.08,17895,792634,48.46,365,245,114,no,0.01,,,,,605.42,00:42:01,00:48:00
0,2017/08/01,00:48:03,Git 0.1,ASUS,MapReduce,8,406,0,,,12810361,651.73,2,,,,9907924,0.09,17895,891713,54.51,406,269,131,no,0.01,,,,,605.42,00:48:09,00:54:49
0,2017/08/01,00:54:52,Git 0.1,ASUS,MapReduce,8,463,0,,,12810361,651.73,3,,,,9907924,0.1,17895,990792,60.57,463,296,160,no,0.01,,,,,605.42,00:54:58,01:02:35
0,2017/08/01,01:02:39,Git 0.1,ASUS,MapReduce,8,513,0,,,12810361,651.73,3,,,,9907924,0.11,17895,1089872,66.61,513,309,197,no,0.01,,,,,605.42,01:02:46,01:11:12
0,2017/08/01,01:11:19,Git 0.1,ASUS,MapReduce,8,574,0,,,12810361,651.73,2,,,,9907924,0.12,17895,1188951,72.68,574,349,219,no,0.01,,,,,605.42,01:11:25,01:20:53
0,2017/08/01,01:20:57,Git 0.1,ASUS,MapReduce,8,627,0,,,12810361,651.73,3,,,,9907924,0.13,17895,1288030,78.77,627,382,238,no,0.01,,,,,605.42,01:21:04,01:31:24
0,2017/08/01,01:31:30,Git 0.1,ASUS,MapReduce,8,685,0,,,12810361,651.73,2,,,,9907924,0.14,17895,1387109,84.81,685,414,264,no,0.01,,,,,605.42,01:31:37,01:42:55
0,2017/08/01,01:43:00,Git 0.1,ASUS,MapReduce,8,737,0,,,12810361,651.73,3,,,,9907924,0.15,17895,1486189,90.86,736,446,282,no,0.01,,,,,605.42,01:43:08,01:55:16
0,2017/08/01,01:55:22,Git 0.1,ASUS,MapReduce,8,748,0,,,12810361,651.73,3,,,,9907924,0.16,17895,1585268,96.9,748,442,297,no,0.01,,,,,605.42,01:55:31,02:07:50
0,2017/08/01,02:07:56,Git 0.1,ASUS,MapReduce,8,835,0,,,12810361,651.73,2,,,,9907924,0.17,17895,1684347,102.94,835,514,313,no,0.01,,,,,605.42,02:08:04,02:21:51
0,2017/08/01,02:21:57,Git 0.1,ASUS,MapReduce,8,884,0,,,12810361,651.73,4,,,,9907924,0.18,17895,1783426,109.01,884,541,333,no,0.01,,,,,605.42,02:22:07,02:36:41
0,2017/08/01,02:36:49,Git 0.1,ASUS,MapReduce,8,933,0,,,12810361,651.73,3,,,,9907924,0.19,17895,1882506,115.07,933,582,342,no,0.01,,,,,605.42,02:36:58,02:52:22
0,2017/08/01,02:52:29,Git 0.1,ASUS,MapReduce,8,1205,0,,,12810361,651.73,3,,,,9907924,0.2,17895,1981585,121.14,1205,824,371,no,0.01,,,,,605.42,02:52:39,03:12:34
0,2017/08/01,03:12:42,Git 0.1,ASUS,Sequential,1,43,0,,,12810361,651.73,2,,,,9907924,0.01,17895,99079,6.08,43,21,18,no,0.01,,,,,605.42,03:12:46,03:13:25
0,2017/08/01,03:13:25,Git 0.1,ASUS,Sequential,1,80,0,,,12810361,651.73,3,,,,9907924,0.02,17895,198158,12.13,80,39,36,no,0.01,,,,,605.42,03:13:30,03:14:45
0,2017/08/01,03:14:46,Git 0.1,ASUS,Sequential,1,117,0,,,12810361,651.73,3,,,,9907924,0.03,17895,297238,18.18,117,60,52,no,0.01,,,,,605.42,03:14:51,03:16:43
0,2017/08/01,03:16:44,Git 0.1,ASUS,Sequential,1,156,0,,,12810361,651.73,2,,,,9907924,0.04,17895,396317,24.23,156,79,72,no,0.01,,,,,605.42,03:16:49,03:19:20
0,2017/08/01,03:19:22,Git 0.1,ASUS,Sequential,1,194,0,,,12810361,651.73,2,,,,9907924,0.05,17895,495396,30.28,194,99,90,no,0.01,,,,,605.42,03:19:27,03:22:36
0,2017/08/01,03:22:38,Git 0.1,ASUS,Sequential,1,231,0,,,12810361,651.73,2,,,,9907924,0.06,17895,594475,36.34,231,118,108,no,0.01,,,,,605.42,03:22:43,03:26:29
0,2017/08/01,03:26:31,Git 0.1,ASUS,Sequential,1,271,0,,,12810361,651.73,2,,,,9907924,0.07,17895,693555,42.42,271,138,128,no,0.01,,,,,605.42,03:26:36,03:31:02
0,2017/08/01,03:31:04,Git 0.1,ASUS,Sequential,1,316,0,,,12810361,651.73,2,,,,9907924,0.08,17895,792634,48.46,316,158,151,no,0.01,,,,,605.42,03:31:10,03:36:20
0,2017/08/01,03:36:22,Git 0.1,ASUS,Sequential,1,354,0,,,12810361,651.73,4,,,,9907924,0.09,17895,891713,54.51,354,178,169,no,0.01,,,,,605.42,03:36:29,03:42:16
0,2017/08/01,03:42:19,Git 0.1,ASUS,Sequential,1,402,0,,,12810361,651.73,4,,,,9907924,0.1,17895,990792,60.57,402,199,195,no,0.01,,,,,605.42,03:42:27,03:49:01
0,2017/08/01,03:49:05,Git 0.1,ASUS,Sequential,1,439,0,,,12810361,651.73,2,,,,9907924,0.11,17895,1089872,66.61,439,225,207,no,0.01,,,,,605.42,03:49:11,03:56:24
0,2017/08/01,03:56:36,Git 0.1,ASUS,Sequential,1,492,0,,,12810361,651.73,3,,,,9907924,0.12,17895,1188951,72.68,492,253,231,no,0.01,,,,,605.42,03:56:43,04:04:48
0,2017/08/01,04:05:00,Git 0.1,ASUS,Sequential,1,539,0,,,12810361,651.73,3,,,,9907924,0.13,17895,1288030,78.77,539,274,254,no,0.01,,,,,605.42,04:05:08,04:13:59
0,2017/08/01,04:14:15,Git 0.1,ASUS,Sequential,1,591,0,,,12810361,651.73,2,,,,9907924,0.14,17895,1387109,84.81,591,292,287,no,0.01,,,,,605.42,04:14:22,04:24:06
0,2017/08/01,04:24:20,Git 0.1,ASUS,Sequential,1,647,0,,,12810361,651.73,3,,,,9907924,0.15,17895,1486189,90.86,647,323,313,no,0.01,,,,,605.42,04:24:28,04:35:07
0,2017/08/01,04:35:24,Git 0.1,ASUS,Sequential,1,703,0,,,12810361,651.73,3,,,,9907924,0.16,17895,1585268,96.9,703,347,346,no,0.01,,,,,605.42,04:35:32,04:47:07
0,2017/08/01,04:47:24,Git 0.1,ASUS,Sequential,1,754,0,,,12810361,651.73,3,,,,9907924,0.17,17895,1684347,102.94,754,370,371,no,0.01,,,,,605.42,04:47:33,04:59:58
0,2017/08/01,05:00:16,Git 0.1,ASUS,Sequential,1,813,0,,,12810361,651.73,3,,,,9907924,0.18,17895,1783426,109.01,813,387,416,no,0.01,,,,,605.42,05:00:25,05:13:49
0,2017/08/01,05:13:54,Git 0.1,ASUS,Sequential,1,1130,0,,,12810361,651.73,3,,,,9907924,0.19,17895,1882506,115.07,1130,463,656,no,0.01,,,,,605.42,05:14:03,05:32:44
0,2017/08/01,05:32:50,Git 0.1,ASUS,Sequential,1,1428,0,,,12810361,651.73,3,,,,9907924,0.2,17895,1981585,121.14,1428,554,864,no,0.01,,,,,605.42,05:32:59,05:56:38
0,2017/08/01,13:01:35,Git 0.1,ASUS,Sequential,1,1464,0,,,12810361,651.73,2,,,,9907924,0.2,17895,1981585,121.14,1464,555,899,no,0.01,,,,,605.42,13:01:43,13:25:59
0,2017/08/01,13:26:05,Git 0.1,ASUS,Sequential,1,1718,0,,,12810361,651.73,3,,,,9907924,0.21,17895,2080664,127.21,1718,663,1044,no,0.01,,,,,605.42,13:26:14,13:54:43
0,2017/08/01,13:54:49,Git 0.1,ASUS,Sequential,1,2245,0,,,12810361,651.73,3,,,,9907924,0.22,17895,2179743,133.27,2245,888,1346,no,0.01,,,,,605.42,13:54:59,14:32:14
0,2017/08/01,14:32:21,Git 0.1,ASUS,Sequential,1,2662,0,,,12810361,651.73,3,,,,9907924,0.23,17895,2278823,139.33,2662,1020,1630,no,0.01,,,,,605.42,14:32:32,15:16:43
0,2017/08/01,15:16:50,Git 0.1,ASUS,Sequential,1,2939,0,,,12810361,651.73,3,,,,9907924,0.24,17895,2377902,145.35,2939,1108,1819,no,0.01,,,,,605.42,15:17:01,16:05:49
0,2017/08/01,16:05:56,Git 0.1,ASUS,Sequential,1,3219,0,,,12810361,651.73,5,,,,9907924,0.25,17895,2476981,151.4,3219,1213,1992,no,0.01,,,,,605.42,16:06:08,16:59:35
0,2017/08/01,16:59:43,Git 0.1,ASUS,Sequential,1,3567,0,,,12810361,651.73,7,,,,9907924,0.26,17895,2576060,157.44,3567,1321,2230,no,0.01,,,,,605.42,16:59:58,17:59:10
0,2017/08/01,17:59:26,Git 0.1,ASUS,Sequential,1,4038,0,,,12810361,651.73,6,,,,9907924,0.27,17895,2675139,163.47,4038,1436,2585,no,0.01,,,,,605.42,17:59:41,19:06:44
0,2017/08/01,19:21:30,Git 0.2,ASUS,MapReduce,8,73,0,,,12810361,651.73,2,,,,9907924,0.01,17895,99079,6.08,73,51,18,no,0.01,,,,,605.42,19:21:34,19:22:43
0,2017/08/01,19:22:43,Git 0.2,ASUS,MapReduce,8,308,0,,,12810361,651.73,3,,,,9907924,0.06,17895,594475,36.34,308,200,102,no,0.01,,,,,605.42,19:22:49,19:27:51
0,2017/08/01,19:27:53,Git 0.2,ASUS,MapReduce,8,572,0,,,12810361,651.73,3,,,,9907924,0.11,17895,1089872,66.61,572,353,212,no,0.01,,,,,605.42,19:28:00,19:37:25
0,2017/08/01,19:37:30,Git 0.2,ASUS,MapReduce,8,846,0,,,12810361,651.73,3,,,,9907924,0.16,17895,1585268,96.9,846,532,304,no,0.01,,,,,605.42,19:37:39,19:51:36
0,2017/08/01,19:51:42,Git 0.2,ASUS,MapReduce,8,1348,0,,,12810361,651.73,3,,,,9907924,0.21,17895,2080664,127.21,1348,940,398,no,0.01,,,,,605.42,19:51:52,20:14:10
0,2017/08/01,20:14:34,Git 0.2,ASUS,MapReduce,8,2617,0,,,12810361,651.73,4,,,,9907924,0.26,17895,2576060,157.44,2617,2041,564,no,0.01,,,,,605.42,20:14:46,20:58:11
1,2017/08/02,00:46:38,Git 0.3,ASUS,Sequential,1,41,0,,,12810361,651.73,2,,,,9907924,0.01,17895,99079,6.08,37,21,16,no,0.01,,,,,605.42,00:46:42,00:47:19
2,2017/08/02,00:47:19,Git 0.3,ASUS,MapReduce,1,91,0,,,12810361,651.73,2,,,,9907924,0.02,17895,198158,12.13,87,69,18,no,0.01,,,,,605.42,00:47:23,00:48:50
3,2017/08/02,00:48:50,Git 0.3,ASUS,MapReduce,2,69,0,,,12810361,651.73,3,,,,9907924,0.02,17895,198158,12.13,65,47,18,no,0.01,,,,,605.42,00:48:54,00:49:59
4,2017/08/02,00:50:00,Git 0.3,ASUS,MapReduce,3,63,0,,,12810361,651.73,2,,,,9907924,0.02,17895,198158,12.13,59,40,19,no,0.01,,,,,605.42,00:50:04,00:51:03
5,2017/08/02,00:51:04,Git 0.3,ASUS,MapReduce,4,61,0,,,12810361,651.73,2,,,,9907924,0.02,17895,198158,12.13,57,37,20,no,0.01,,,,,605.42,00:51:08,00:52:05
6,2017/08/02,00:52:05,Git 0.3,ASUS,MapReduce,5,61,0,,,12810361,651.73,3,,,,9907924,0.02,17895,198158,12.13,57,38,19,no,0.01,,,,,605.42,00:52:09,00:53:06
7,2017/08/02,00:53:07,Git 0.3,ASUS,MapReduce,6,62,0,,,12810361,651.73,2,,,,9907924,0.02,17895,198158,12.13,58,38,20,no,0.01,,,,,605.42,00:53:11,00:54:09
8,2017/08/02,00:54:09,Git 0.3,ASUS,MapReduce,7,62,0,,,12810361,651.73,2,,,,9907924,0.02,17895,198158,12.13,58,38,20,no,0.01,,,,,605.42,00:54:13,00:55:11
9,2017/08/02,00:55:11,Git 0.3,ASUS,MapReduce,8,62,0,,,12810361,651.73,3,,,,9907924,0.02,17895,198158,12.13,58,36,21,no,0.01,,,,,605.42,00:55:15,00:56:13
10,2017/08/02,00:56:14,Git 0.3,ASUS,Sequential,1,111,0,,,12810361,651.73,2,,,,9907924,0.03,17895,297238,18.18,107,62,45,no,0.01,,,,,605.42,00:56:18,00:58:05
11,2017/08/02,00:58:06,Git 0.3,ASUS,MapReduce,1,175,0,,,12810361,651.73,2,,,,9907924,0.04,17895,396317,24.23,171,136,35,no,0.01,,,,,605.42,00:58:10,01:01:01
12,2017/08/02,01:01:02,Git 0.3,ASUS,MapReduce,2,132,0,,,12810361,651.73,2,,,,9907924,0.04,17895,396317,24.23,127,91,36,no,0.01,,,,,605.42,01:01:07,01:03:14
13,2017/08/02,01:03:14,Git 0.3,ASUS,MapReduce,3,120,0,,,12810361,651.73,3,,,,9907924,0.04,17895,396317,24.23,115,79,36,no,0.01,,,,,605.42,01:03:19,01:05:14
14,2017/08/02,01:05:15,Git 0.3,ASUS,MapReduce,4,115,0,,,12810361,651.73,2,,,,9907924,0.04,17895,396317,24.23,110,73,37,no,0.01,,,,,605.42,01:05:20,01:07:10
15,2017/08/02,01:07:11,Git 0.3,ASUS,MapReduce,5,116,0,,,12810361,651.73,2,,,,9907924,0.04,17895,396317,24.23,112,74,38,no,0.01,,,,,605.42,01:07:15,01:09:07
16,2017/08/02,01:09:07,Git 0.3,ASUS,MapReduce,6,116,0,,,12810361,651.73,3,,,,9907924,0.04,17895,396317,24.23,111,73,38,no,0.01,,,,,605.42,01:09:12,01:11:03
17,2017/08/02,01:11:04,Git 0.3,ASUS,MapReduce,7,116,0,,,12810361,651.73,2,,,,9907924,0.04,17895,396317,24.23,112,73,39,no,0.01,,,,,605.42,01:11:08,01:13:00
18,2017/08/02,01:13:01,Git 0.3,ASUS,MapReduce,8,116,0,,,12810361,651.73,2,,,,9907924,0.04,17895,396317,24.23,111,72,39,no,0.01,,,,,605.42,01:13:06,01:14:57
19,2017/08/02,01:14:58,Git 0.3,ASUS,Sequential,1,182,0,,,12810361,651.73,2,,,,9907924,0.05,17895,495396,30.28,177,102,75,no,0.01,,,,,605.42,01:15:03,01:18:00
20,2017/08/02,01:18:01,Git 0.3,ASUS,MapReduce,1,263,0,,,12810361,651.73,2,,,,9907924,0.06,17895,594475,36.34,258,206,52,no,0.01,,,,,605.42,01:18:06,01:22:24
21,2017/08/02,01:22:25,Git 0.3,ASUS,MapReduce,2,208,0,,,12810361,651.73,2,,,,9907924,0.06,17895,594475,36.34,203,146,57,no,0.01,,,,,605.42,01:22:30,01:25:53
22,2017/08/02,01:25:54,Git 0.3,ASUS,MapReduce,3,188,0,,,12810361,651.73,2,,,,9907924,0.06,17895,594475,36.34,183,125,57,no,0.01,,,,,605.42,01:25:59,01:29:02
23,2017/08/02,01:29:03,Git 0.3,ASUS,MapReduce,4,182,0,,,12810361,651.73,2,,,,9907924,0.06,17895,594475,36.34,177,117,60,no,0.01,,,,,605.42,01:29:08,01:32:05
24,2017/08/02,01:32:06,Git 0.3,ASUS,MapReduce,5,185,0,,,12810361,651.73,3,,,,9907924,0.06,17895,594475,36.34,179,118,61,no,0.01,,,,,605.42,01:32:12,01:35:11
25,2017/08/02,01:35:12,Git 0.3,ASUS,MapReduce,6,182,0,,,12810361,651.73,3,,,,9907924,0.06,17895,594475,36.34,176,115,61,no,0.01,,,,,605.42,01:35:18,01:38:14
26,2017/08/02,01:38:15,Git 0.3,ASUS,MapReduce,7,182,0,,,12810361,651.73,2,,,,9907924,0.06,17895,594475,36.34,177,116,61,no,0.01,,,,,605.42,01:38:20,01:41:17
27,2017/08/02,01:41:17,Git 0.3,ASUS,MapReduce,8,181,0,,,12810361,651.73,3,,,,9907924,0.06,17895,594475,36.34,175,114,61,no,0.01,,,,,605.42,01:41:23,01:44:18
28,2017/08/02,01:44:20,Git 0.3,ASUS,Sequential,1,264,0,,,12810361,651.73,2,,,,9907924,0.07,17895,693555,42.42,258,148,110,no,0.01,,,,,605.42,01:44:26,01:48:44
29,2017/08/02,01:48:45,Git 0.3,ASUS,MapReduce,1,392,0,,,12810361,651.73,2,,,,9907924,0.08,17895,792634,48.46,385,285,99,no,0.01,,,,,605.42,01:48:50,01:55:15
30,2017/08/02,01:55:18,Git 0.3,ASUS,MapReduce,2,291,0,,,12810361,651.73,2,,,,9907924,0.08,17895,792634,48.46,286,195,90,no,0.01,,,,,605.42,01:55:23,02:00:09
31,2017/08/02,02:00:10,Git 0.3,ASUS,MapReduce,3,277,0,,,12810361,651.73,3,,,,9907924,0.08,17895,792634,48.46,270,171,99,no,0.01,,,,,605.42,02:00:16,02:04:46
32,2017/08/02,02:04:48,Git 0.3,ASUS,MapReduce,4,273,0,,,12810361,651.73,3,,,,9907924,0.08,17895,792634,48.46,266,162,103,no,0.01,,,,,605.42,02:04:54,02:09:20
33,2017/08/02,02:09:22,Git 0.3,ASUS,MapReduce,5,266,0,,,12810361,651.73,3,,,,9907924,0.08,17895,792634,48.46,260,160,100,no,0.01,,,,,605.42,02:09:28,02:13:48
34,2017/08/02,02:13:49,Git 0.3,ASUS,MapReduce,6,272,0,,,12810361,651.73,3,,,,9907924,0.08,17895,792634,48.46,266,163,103,no,0.01,,,,,605.42,02:13:55,02:18:21
35,2017/08/02,02:18:23,Git 0.3,ASUS,MapReduce,7,272,0,,,12810361,651.73,2,,,,9907924,0.08,17895,792634,48.46,266,161,104,no,0.01,,,,,605.42,02:18:29,02:22:55
36,2017/08/02,02:22:56,Git 0.3,ASUS,MapReduce,8,274,0,,,12810361,651.73,3,,,,9907924,0.08,17895,792634,48.46,268,158,109,no,0.01,,,,,605.42,02:23:02,02:27:30
37,2017/08/02,02:40:13,Git 0.3,ASUS,Sequential,1,250,57,43,7,12810361,651.73,2,,,,9907924,0.05,17895,495396,30.28,188,104,84,no,0.01,,,,,605.42,02:41:15,02:44:23
38,2017/08/02,03:01:19,Git 0.3,ASUS,Sequential,1,186,0,,,12810361,651.73,3,,,,9907924,0.05,17895,495396,30.28,181,104,76,no,0.01,,,,,605.42,03:01:24,03:04:25
39,2017/08/02,03:04:26,Git 0.3,ASUS,MapReduce,1,219,0,,,12810361,651.73,2,,,,9907924,0.05,17895,495396,30.28,214,171,43,no,0.01,,,,,605.42,03:04:31,03:08:05
40,2017/08/02,03:08:06,Git 0.3,ASUS,MapReduce,2,164,0,,,12810361,651.73,2,,,,9907924,0.05,17895,495396,30.28,159,115,44,no,0.01,,,,,605.42,03:08:11,03:10:50
41,2017/08/02,03:10:50,Git 0.3,ASUS,MapReduce,3,150,0,,,12810361,651.73,3,,,,9907924,0.05,17895,495396,30.28,145,100,45,no,0.01,,,,,605.42,03:10:55,03:13:20
42,2017/08/02,03:13:21,Git 0.3,ASUS,MapReduce,4,143,0,,,12810361,651.73,2,,,,9907924,0.05,17895,495396,30.28,139,92,47,no,0.01,,,,,605.42,03:13:25,03:15:44
43,2017/08/02,03:15:45,Git 0.3,ASUS,MapReduce,5,142,0,,,12810361,651.73,2,,,,9907924,0.05,17895,495396,30.28,138,92,46,no,0.01,,,,,605.42,03:15:49,03:18:07
44,2017/08/02,03:18:08,Git 0.3,ASUS,MapReduce,6,143,0,,,12810361,651.73,2,,,,9907924,0.05,17895,495396,30.28,138,91,47,no,0.01,,,,,605.42,03:18:13,03:20:31
45,2017/08/02,03:20:31,Git 0.3,ASUS,MapReduce,7,144,0,,,12810361,651.73,3,,,,9907924,0.05,17895,495396,30.28,139,91,48,no,0.01,,,,,605.42,03:20:36,03:22:55
46,2017/08/02,03:22:55,Git 0.3,ASUS,MapReduce,8,144,0,,,12810361,651.73,3,,,,9907924,0.05,17895,495396,30.28,139,91,48,no,0.01,,,,,605.42,03:23:00,03:25:19
47,2017/08/02,03:25:20,Git 0.3,ASUS,Sequential,1,360,0,,,12810361,651.73,2,,,,9907924,0.1,17895,990792,60.57,354,205,149,no,0.01,,,,,605.42,03:25:26,03:31:20
48,2017/08/02,03:31:21,Git 0.3,ASUS,MapReduce,1,443,0,,,12810361,651.73,3,,,,9907924,0.1,17895,990792,60.57,437,352,85,no,0.01,,,,,605.42,03:31:27,03:38:44
49,2017/08/02,03:38:45,Git 0.3,ASUS,MapReduce,2,357,0,,,12810361,651.73,2,,,,9907924,0.1,17895,990792,60.57,350,233,116,no,0.01,,,,,605.42,03:38:51,03:44:41
50,2017/08/02,03:44:43,Git 0.3,ASUS,MapReduce,3,342,0,,,12810361,651.73,3,,,,9907924,0.1,17895,990792,60.57,336,211,123,no,0.01,,,,,605.42,03:44:49,03:50:25
51,2017/08/02,03:50:26,Git 0.3,ASUS,MapReduce,4,337,0,,,12810361,651.73,3,,,,9907924,0.1,17895,990792,60.57,330,200,128,no,0.01,,,,,605.42,03:50:32,03:56:02
52,2017/08/02,03:56:04,Git 0.3,ASUS,MapReduce,5,343,0,,,12810361,651.73,2,,,,9907924,0.1,17895,990792,60.57,336,202,134,no,0.01,,,,,605.42,03:56:10,04:01:46
53,2017/08/02,04:01:48,Git 0.3,ASUS,MapReduce,6,340,0,,,12810361,651.73,3,,,,9907924,0.1,17895,990792,60.57,332,201,131,no,0.01,,,,,605.42,04:01:55,04:07:27
54,2017/08/02,04:07:28,Git 0.3,ASUS,MapReduce,7,349,0,,,12810361,651.73,3,,,,9907924,0.1,17895,990792,60.57,341,204,137,no,0.01,,,,,605.42,04:07:35,04:13:16
55,2017/08/02,04:13:18,Git 0.3,ASUS,MapReduce,8,346,0,,,12810361,651.73,2,,,,9907924,0.1,17895,990792,60.57,339,201,137,no,0.01,,,,,605.42,04:13:24,04:19:02
56,2017/08/02,04:19:07,Git 0.3,ASUS,Sequential,1,642,0,,,12810361,651.73,3,,,,9907924,0.15,17895,1486189,90.86,634,328,304,no,0.01,,,,,605.42,04:19:15,04:29:49
57,2017/08/02,04:30:03,Git 0.3,ASUS,MapReduce,1,785,0,,,12810361,651.73,2,,,,9907924,0.15,17895,1486189,90.86,778,586,191,no,0.01,,,,,605.42,04:30:10,04:43:08
58,2017/08/02,04:43:09,Git 0.3,ASUS,MapReduce,2,612,0,,,12810361,651.73,4,,,,9907924,0.15,17895,1486189,90.86,602,435,167,no,0.01,,,,,605.42,04:43:19,04:53:21
59,2017/08/02,04:53:22,Git 0.3,ASUS,MapReduce,3,581,0,,,12810361,651.73,5,,,,9907924,0.15,17895,1486189,90.86,570,391,179,no,0.01,,,,,605.42,04:53:33,05:03:03
60,2017/08/02,05:03:04,Git 0.3,ASUS,MapReduce,4,582,0,,,12810361,651.73,5,,,,9907924,0.15,17895,1486189,90.86,572,385,187,no,0.01,,,,,605.42,05:03:14,05:12:46
61,2017/08/02,05:12:47,Git 0.3,ASUS,MapReduce,5,587,0,,,12810361,651.73,3,,,,9907924,0.15,17895,1486189,90.86,579,373,206,no,0.01,,,,,605.42,05:12:55,05:22:34
62,2017/08/02,05:22:35,Git 0.3,ASUS,MapReduce,6,617,0,,,12810361,651.73,4,,,,9907924,0.15,17895,1486189,90.86,608,395,213,no,0.01,,,,,605.42,05:22:44,05:32:52
63,2017/08/02,05:32:53,Git 0.3,ASUS,MapReduce,7,615,0,,,12810361,651.73,5,,,,9907924,0.15,17895,1486189,90.86,605,386,219,no,0.01,,,,,605.42,05:33:03,05:43:08
64,2017/08/02,05:43:09,Git 0.3,ASUS,MapReduce,8,614,0,,,12810361,651.73,3,,,,9907924,0.15,17895,1486189,90.86,606,387,219,no,0.01,,,,,605.42,05:43:17,05:53:23
65,2017/08/02,05:53:27,Git 0.3,ASUS,Sequential,1,1427,0,,,12810361,651.73,3,,,,9907924,0.2,17895,1981585,121.14,1418,581,836,no,0.01,,,,,605.42,05:53:36,06:17:14
66,2017/08/02,06:17:15,Git 0.3,ASUS,MapReduce,1,1122,0,,,12810361,651.73,3,,,,9907924,0.2,17895,1981585,121.14,1110,826,283,no,0.01,,,,,605.42,06:17:25,06:35:54
67,2017/08/02,06:35:58,Git 0.3,ASUS,MapReduce,2,1036,0,,,12810361,651.73,3,,,,9907924,0.2,17895,1981585,121.14,1027,769,257,no,0.01,,,,,605.42,06:36:07,06:53:14
68,2017/08/02,06:53:15,Git 0.3,ASUS,MapReduce,3,893,0,,,12810361,651.73,4,,,,9907924,0.2,17895,1981585,121.14,883,624,258,no,0.01,,,,,605.42,06:53:25,07:08:08
69,2017/08/02,07:08:09,Git 0.3,ASUS,MapReduce,4,971,0,,,12810361,651.73,3,,,,9907924,0.2,17895,1981585,121.14,961,684,276,no,0.01,,,,,605.42,07:08:19,07:24:20
70,2017/08/02,07:24:22,Git 0.3,ASUS,MapReduce,5,1016,0,,,12810361,651.73,3,,,,9907924,0.2,17895,1981585,121.14,1007,728,279,no,0.01,,,,,605.42,07:24:31,07:41:18
71,2017/08/02,07:41:19,Git 0.3,ASUS,MapReduce,6,959,0,,,12810361,651.73,5,,,,9907924,0.2,17895,1981585,121.14,947,659,287,no,0.01,,,,,605.42,07:41:31,07:57:18
72,2017/08/02,07:57:19,Git 0.3,ASUS,MapReduce,7,966,0,,,12810361,651.73,3,,,,9907924,0.2,17895,1981585,121.14,956,655,301,no,0.01,,,,,605.42,07:57:29,08:13:25
73,2017/08/02,08:13:26,Git 0.3,ASUS,MapReduce,8,999,0,,,12810361,651.73,3,,,,9907924,0.2,17895,1981585,121.14,989,687,302,no,0.01,,,,,605.42,08:13:36,08:30:05
74,2017/08/02,08:30:08,Git 0.3,ASUS,Sequential,1,2973,0,,,12810361,651.73,3,,,,9907924,0.25,17895,2476981,151.4,2962,1074,1886,no,0.01,,,,,605.42,08:30:19,09:19:41
75,2017/08/02,09:19:42,Git 0.3,ASUS,MapReduce,1,2316,0,,,12810361,651.73,6,,,,9907924,0.25,17895,2476981,151.4,2302,1935,367,no,0.01,,,,,605.42,09:19:56,09:58:18
76,2017/08/02,09:58:22,Git 0.3,ASUS,MapReduce,2,1822,0,,,12810361,651.73,4,,,,9907924,0.25,17895,2476981,151.4,1811,1483,327,no,0.01,,,,,605.42,09:58:33,10:28:44
77,2017/08/02,10:28:52,Git 0.3,ASUS,MapReduce,3,1810,0,,,12810361,651.73,3,,,,9907924,0.25,17895,2476981,151.4,1799,1463,336,no,0.01,,,,,605.42,10:29:03,10:59:02
78,2017/08/02,10:59:15,Git 0.3,ASUS,MapReduce,4,1704,0,,,12810361,651.73,5,,,,9907924,0.25,17895,2476981,151.4,1692,1351,341,no,0.01,,,,,605.42,10:59:27,11:27:39
79,2017/08/02,11:27:55,Git 0.3,ASUS,MapReduce,5,1691,0,,,12810361,651.73,4,,,,9907924,0.25,17895,2476981,151.4,1680,1333,347,no,0.01,,,,,605.42,11:28:06,11:56:06
80,2017/08/02,11:56:22,Git 0.3,ASUS,MapReduce,6,1735,0,,,12810361,651.73,4,,,,9907924,0.25,17895,2476981,151.4,1724,1360,364,no,0.01,,,,,605.42,11:56:33,12:25:17
81,2017/08/02,12:25:34,Git 0.3,ASUS,MapReduce,7,1645,0,,,12810361,651.73,4,,,,9907924,0.25,17895,2476981,151.4,1633,1260,373,no,0.01,,,,,605.42,12:25:46,12:52:59
82,2017/08/02,12:53:16,Git 0.3,ASUS,MapReduce,8,1706,0,,,12810361,651.73,5,,,,9907924,0.25,17895,2476981,151.4,1693,1324,369,no,0.01,,,,,605.42,12:53:28,13:21:41
83,2017/08/02,13:22:03,Git 0.3,ASUS,Sequential,1,4705,0,,,12810361,651.73,6,,,,9907924,0.3,17895,2972377,181.6,4691,1859,2828,no,0.01,,,,,605.42,13:22:17,14:40:28
84,2017/08/02,14:40:43,Git 0.3,ASUS,MapReduce,1,3203,0,,,12810361,651.73,7,,,,9907924,0.3,17895,2972377,181.6,3187,2747,439,no,0.01,,,,,605.42,14:40:59,15:34:06
85,2017/08/02,15:34:23,Git 0.3,ASUS,MapReduce,2,2617,0,,,12810361,651.73,5,,,,9907924,0.3,17895,2972377,181.6,2603,2200,402,no,0.01,,,,,605.42,15:34:37,16:18:00
86,2017/08/02,16:18:16,Git 0.3,ASUS,MapReduce,3,2332,0,,,12810361,651.73,7,,,,9907924,0.3,17895,2972377,181.6,2317,1890,427,no,0.01,,,,,605.42,16:18:31,16:57:08
87,2017/08/02,16:57:24,Git 0.3,ASUS,MapReduce,4,2375,0,,,12810361,651.73,7,,,,9907924,0.3,17895,2972377,181.6,2359,1911,448,no,0.01,,,,,605.42,16:57:40,17:36:59
88,2017/08/02,17:37:16,Git 0.3,ASUS,MapReduce,5,2261,0,,,12810361,651.73,8,,,,9907924,0.3,17895,2972377,181.6,2244,1790,454,no,0.01,,,,,605.42,17:37:33,18:14:57
89,2017/08/02,18:15:15,Git 0.3,ASUS,MapReduce,6,2372,0,,,12810361,651.73,7,,,,9907924,0.3,17895,2972377,181.6,2356,1892,463,no,0.01,,,,,605.42,18:15:31,18:54:47
90,2017/08/02,18:55:06,Git 0.3,ASUS,MapReduce,7,2432,0,,,12810361,651.73,8,,,,9907924,0.3,17895,2972377,181.6,2414,1931,483,no,0.01,,,,,605.42,18:55:24,19:35:38
91,2017/08/02,19:35:57,Git 0.3,ASUS,MapReduce,8,2442,0,,,12810361,651.73,8,,,,9907924,0.3,17895,2972377,181.6,2424,1921,503,no,0.01,,,,,605.42,19:36:15,20:16:39
92,2017/08/02,20:17:02,Git 0.3,ASUS,Sequential,1,6127,0,,,12810361,651.73,9,,,,9907924,0.35,17895,3467773,211.92,6108,2561,3538,no,0.01,,,,,605.42,20:17:21,21:59:09
93,2017/08/02,21:59:24,Git 0.3,ASUS,MapReduce,1,4265,0,,,12810361,651.73,10,,,,9907924,0.35,17895,3467773,211.92,4245,3707,537,no,0.01,,,,,605.42,21:59:44,23:10:29
94,2017/08/02,23:10:45,Git 0.3,ASUS,MapReduce,2,3279,0,,,12810361,651.73,8,,,,9907924,0.35,17895,3467773,211.92,3260,2766,494,no,0.01,,,,,605.42,23:11:04,00:05:24
95,2017/08/03,00:05:43,Git 0.3,ASUS,MapReduce,3,3044,0,,,12810361,651.73,9,,,,9907924,0.35,17895,3467773,211.92,3025,2496,528,no,0.01,,,,,605.42,00:06:02,00:56:27
96,2017/08/03,00:56:42,Git 0.3,ASUS,MapReduce,4,3014,0,,,12810361,651.73,9,,,,9907924,0.35,17895,3467773,211.92,2994,2442,550,no,0.01,,,,,605.42,00:57:02,01:46:56
97,2017/08/03,01:47:16,Git 0.3,ASUS,MapReduce,5,3011,0,,,12810361,651.73,9,,,,9907924,0.35,17895,3467773,211.92,2991,2420,570,no,0.01,,,,,605.42,01:47:35,02:37:26
98,2017/08/03,02:37:46,Git 0.3,ASUS,MapReduce,6,2887,0,,,12810361,651.73,9,,,,9907924,0.35,17895,3467773,211.92,2867,2280,587,no,0.01,,,,,605.42,02:38:06,03:25:53
99,2017/08/03,03:26:14,Git 0.3,ASUS,MapReduce,7,3041,0,,,12810361,651.73,9,,,,9907924,0.35,17895,3467773,211.92,3022,2366,656,no,0.01,,,,,605.42,03:26:33,04:16:55
100,2017/08/03,04:17:17,Git 0.3,ASUS,MapReduce,8,2984,0,,,12810361,651.73,11,,,,9907924,0.35,17895,3467773,211.92,2962,2331,631,no,0.01,,,,,605.42,04:17:39,05:07:01
101,2017/08/03,05:07:37,Git 0.3,ASUS,Sequential,1,8567,0,,,12810361,651.73,12,,,,9907924,0.4,17895,3963170,242.19,8544,3550,4982,no,0.01,,,,,605.42,05:08:00,07:30:24
102,2017/08/03,07:30:40,Git 0.3,ASUS,MapReduce,1,5036,0,,,12810361,651.73,10,,,,9907924,0.4,17895,3963170,242.19,5015,4418,594,no,0.01,,,,,605.42,07:31:01,08:54:36
103,2017/08/03,08:54:54,Git 0.3,ASUS,MapReduce,2,3943,0,,,12810361,651.73,9,,,,9907924,0.4,17895,3963170,242.19,3922,3302,619,no,0.01,,,,,605.42,08:55:15,10:00:37
104,2017/08/03,10:00:54,Git 0.3,ASUS,MapReduce,3,3703,0,,,12810361,651.73,11,,,,9907924,0.4,17895,3963170,242.19,3681,3021,659,no,0.01,,,,,605.42,10:01:16,11:02:37
105,2017/08/03,11:02:55,Git 0.3,ASUS,MapReduce,4,3632,0,,,12810361,651.73,11,,,,9907924,0.4,17895,3963170,242.19,3608,2891,716,no,0.01,,,,,605.42,11:03:19,12:03:27
106,2017/08/03,12:03:44,Git 0.3,ASUS,MapReduce,5,3705,0,,,12810361,651.73,11,,,,9907924,0.4,17895,3963170,242.19,3682,2914,768,no,0.01,,,,,605.42,12:04:07,13:05:29
107,2017/08/03,13:05:47,Git 0.3,ASUS,MapReduce,6,3603,0,,,12810361,651.73,11,,,,9907924,0.4,17895,3963170,242.19,3580,2815,765,yes,0.01,,,,,605.42,13:06:10,14:05:50
108,2017/08/03,14:06:10,Git 0.3,ASUS,MapReduce,7,3652,0,,,12810361,651.73,11,,,,9907924,0.4,17895,3963170,242.19,3629,2853,773,yes,0.01,,,,,605.42,14:06:33,15:07:02
109,2017/08/03,15:07:19,Git 0.3,ASUS,MapReduce,8,3834,0,,,12810361,651.73,13,,,,9907924,0.4,17895,3963170,242.19,3809,2967,842,yes,0.01,,,,,605.42,15:07:44,16:11:13
110,2017/08/03,13:31:59,Git 0.3,DELL,Sequential,1,50,0,,,12810361,651.73,2,,,,9907924,0.01,17895,99079,6.08,45,24,21,no,0.01,,,,,605.42,13:32:04,13:32:49
111,2017/08/03,13:32:50,Git 0.3,DELL,MapReduce,1,83,0,,,12810361,651.73,3,,,,9907924,0.01,17895,99079,6.08,78,65,13,no,0.01,,,,,605.42,13:32:55,13:34:13
112,2017/08/03,13:34:13,Git 0.3,DELL,MapReduce,2,74,0,,,12810361,651.73,3,,,,9907924,0.01,17895,99079,6.08,69,56,13,no,0.01,,,,,605.42,13:34:18,13:35:27
113,2017/08/03,13:35:27,Git 0.3,DELL,MapReduce,3,75,0,,,12810361,651.73,3,,,,9907924,0.01,17895,99079,6.08,70,56,14,no,0.01,,,,,605.42,13:35:32,13:36:42
114,2017/08/03,13:36:43,Git 0.3,DELL,MapReduce,4,71,0,,,12810361,651.73,2,,,,9907924,0.01,17895,99079,6.08,67,53,14,no,0.01,,,,,605.42,13:36:47,13:37:54
115,2017/08/03,13:37:55,Git 0.3,DELL,MapReduce,5,76,0,,,12810361,651.73,3,,,,9907924,0.01,17895,99079,6.08,71,57,14,no,0.01,,,,,605.42,13:38:00,13:39:11
116,2017/08/03,13:39:12,Git 0.3,DELL,MapReduce,6,75,0,,,12810361,651.73,3,,,,9907924,0.01,17895,99079,6.08,70,55,15,no,0.01,,,,,605.42,13:39:17,13:40:27
117,2017/08/03,13:40:27,Git 0.3,DELL,MapReduce,7,73,0,,,12810361,651.73,3,,,,9907924,0.01,17895,99079,6.08,68,54,14,no,0.01,,,,,605.42,13:40:32,13:41:40
118,2017/08/03,13:41:41,Git 0.3,DELL,MapReduce,8,74,0,,,12810361,651.73,3,,,,9907924,0.01,17895,99079,6.08,69,55,14,no,0.01,,,,,605.42,13:41:46,13:42:55
119,2017/08/03,13:42:56,Git 0.3,DELL,Sequential,1,96,0,,,12810361,651.73,2,,,,9907924,0.02,17895,198158,12.13,91,48,43,no,0.01,,,,,605.42,13:43:01,13:44:32
120,2017/08/03,13:44:32,Git 0.3,DELL,MapReduce,1,163,0,,,12810361,651.73,3,,,,9907924,0.02,17895,198158,12.13,157,131,26,no,0.01,,,,,605.42,13:44:38,13:47:15
121,2017/08/03,13:47:16,Git 0.3,DELL,MapReduce,2,146,0,,,12810361,651.73,3,,,,9907924,0.02,17895,198158,12.13,141,113,28,no,0.01,,,,,605.42,13:47:21,13:49:42
122,2017/08/03,13:49:43,Git 0.3,DELL,MapReduce,3,151,0,,,12810361,651.73,3,,,,9907924,0.02,17895,198158,12.13,146,118,28,no,0.01,,,,,605.42,13:49:48,13:52:14
123,2017/08/03,13:52:15,Git 0.3,DELL,MapReduce,4,156,0,,,12810361,651.73,3,,,,9907924,0.02,17895,198158,12.13,151,121,30,no,0.01,,,,,605.42,13:52:20,13:54:51
124,2017/08/03,13:54:51,Git 0.3,DELL,MapReduce,5,159,0,,,12810361,651.73,3,,,,9907924,0.02,17895,198158,12.13,154,125,29,no,0.01,,,,,605.42,13:54:56,13:57:30
125,2017/08/03,13:57:31,Git 0.3,DELL,MapReduce,6,153,0,,,12810361,651.73,3,,,,9907924,0.02,17895,198158,12.13,148,119,29,no,0.01,,,,,605.42,13:57:36,14:00:04
126,2017/08/03,14:00:05,Git 0.3,DELL,MapReduce,7,155,0,,,12810361,651.73,2,,,,9907924,0.02,17895,198158,12.13,150,121,29,no,0.01,,,,,605.42,14:00:10,14:02:40
127,2017/08/03,14:02:40,Git 0.3,DELL,MapReduce,8,161,0,,,12810361,651.73,3,,,,9907924,0.02,17895,198158,12.13,156,125,31,no,0.01,,,,,605.42,14:02:45,14:05:21
128,2017/08/03,14:05:22,Git 0.3,DELL,Sequential,1,156,0,,,12810361,651.73,2,,,,9907924,0.03,17895,297238,18.18,151,83,68,no,0.01,,,,,605.42,14:05:27,14:07:58
129,2017/08/03,14:07:59,Git 0.3,DELL,MapReduce,1,257,0,,,12810361,651.73,3,,,,9907924,0.03,17895,297238,18.18,252,212,40,no,0.01,,,,,605.42,14:08:04,14:12:16
130,2017/08/03,14:12:17,Git 0.3,DELL,MapReduce,2,199,0,,,12810361,651.73,3,,,,9907924,0.03,17895,297238,18.18,194,157,37,no,0.01,,,,,605.42,14:12:22,14:15:36
131,2017/08/03,14:15:37,Git 0.3,DELL,MapReduce,3,205,0,,,12810361,651.73,3,,,,9907924,0.03,17895,297238,18.18,200,159,41,no,0.01,,,,,605.42,14:15:42,14:19:02
132,2017/08/03,14:19:03,Git 0.3,DELL,MapReduce,4,203,0,,,12810361,651.73,2,,,,9907924,0.03,17895,297238,18.18,198,159,39,no,0.01,,,,,605.42,14:19:08,14:22:26
133,2017/08/03,14:22:27,Git 0.3,DELL,MapReduce,5,219,0,,,12810361,651.73,3,,,,9907924,0.03,17895,297238,18.18,214,175,38,no,0.01,,,,,605.42,14:22:32,14:26:06
134,2017/08/03,14:26:07,Git 0.3,DELL,MapReduce,6,206,0,,,12810361,651.73,3,,,,9907924,0.03,17895,297238,18.18,201,159,42,no,0.01,,,,,605.42,14:26:12,14:29:33
135,2017/08/03,14:29:34,Git 0.3,DELL,MapReduce,7,219,0,,,12810361,651.73,3,,,,9907924,0.03,17895,297238,18.18,214,174,40,no,0.01,,,,,605.42,14:29:39,14:33:13
136,2017/08/03,14:33:14,Git 0.3,DELL,MapReduce,8,215,0,,,12810361,651.73,2,,,,9907924,0.03,17895,297238,18.18,210,170,40,no,0.01,,,,,605.42,14:33:19,14:36:49
137,2017/08/03,14:36:51,Git 0.3,DELL,Sequential,1,188,0,,,12810361,651.73,3,,,,9907924,0.04,17895,396317,24.23,183,96,86,no,0.01,,,,,605.42,14:36:56,14:39:59
138,2017/08/03,14:39:59,Git 0.3,DELL,MapReduce,1,309,0,,,12810361,651.73,3,,,,9907924,0.04,17895,396317,24.23,303,257,46,no,0.01,,,,,605.42,14:40:05,14:45:08
139,2017/08/03,14:45:09,Git 0.3,DELL,MapReduce,2,259,0,,,12810361,651.73,3,,,,9907924,0.04,17895,396317,24.23,253,204,49,no,0.01,,,,,605.42,14:45:15,14:49:28
140,2017/08/03,14:49:29,Git 0.3,DELL,MapReduce,3,262,0,,,12810361,651.73,4,,,,9907924,0.04,17895,396317,24.23,255,205,50,no,0.01,,,,,605.42,14:49:36,14:53:51
141,2017/08/03,14:53:52,Git 0.3,DELL,MapReduce,4,263,0,,,12810361,651.73,3,,,,9907924,0.04,17895,396317,24.23,257,206,51,no,0.01,,,,,605.42,14:53:58,14:58:15
142,2017/08/03,14:58:16,Git 0.3,DELL,MapReduce,5,270,0,,,12810361,651.73,3,,,,9907924,0.04,17895,396317,24.23,264,215,49,no,0.01,,,,,605.42,14:58:22,15:02:46
143,2017/08/03,15:02:47,Git 0.3,DELL,MapReduce,6,265,0,,,12810361,651.73,3,,,,9907924,0.04,17895,396317,24.23,259,206,53,no,0.01,,,,,605.42,15:02:53,15:07:12
144,2017/08/03,15:07:13,Git 0.3,DELL,MapReduce,7,284,0,,,12810361,651.73,3,,,,9907924,0.04,17895,396317,24.23,279,225,54,no,0.01,,,,,605.42,15:07:18,15:11:57
145,2017/08/03,15:11:58,Git 0.3,DELL,MapReduce,8,283,0,,,12810361,651.73,3,,,,9907924,0.04,17895,396317,24.23,278,226,52,no,0.01,,,,,605.42,15:12:03,15:16:41
146,2017/08/03,15:16:43,Git 0.3,DELL,Sequential,1,230,0,,,12810361,651.73,2,,,,9907924,0.05,17895,495396,30.28,225,118,107,no,0.01,,,,,605.42,15:16:48,15:20:33
147,2017/08/03,15:20:33,Git 0.3,DELL,MapReduce,1,391,1,,,12810361,651.73,2,,,,9907924,0.05,17895,495396,30.28,385,326,59,no,0.01,,,,,605.42,15:20:39,15:27:04
148,2017/08/03,15:27:05,Git 0.3,DELL,MapReduce,2,330,0,,,12810361,651.73,3,,,,9907924,0.05,17895,495396,30.28,324,262,62,no,0.01,,,,,605.42,15:27:11,15:32:35
149,2017/08/03,15:32:36,Git 0.3,DELL,MapReduce,3,348,0,,,12810361,651.73,3,,,,9907924,0.05,17895,495396,30.28,342,280,62,no,0.01,,,,,605.42,15:32:42,15:38:24
150,2017/08/03,15:38:25,Git 0.3,DELL,MapReduce,4,331,0,,,12810361,651.73,3,,,,9907924,0.05,17895,495396,30.28,325,259,66,no,0.01,,,,,605.42,15:38:31,15:43:56
151,2017/08/03,15:43:57,Git 0.3,DELL,MapReduce,5,348,0,,,12810361,651.73,3,,,,9907924,0.05,17895,495396,30.28,342,274,68,no,0.01,,,,,605.42,15:44:03,15:49:45
152,2017/08/03,15:49:46,Git 0.3,DELL,MapReduce,6,362,0,,,12810361,651.73,2,,,,9907924,0.05,17895,495396,30.28,357,289,68,no,0.01,,,,,605.42,15:49:51,15:55:48
153,2017/08/03,15:55:49,Git 0.3,DELL,MapReduce,7,362,0,,,12810361,651.73,2,,,,9907924,0.05,17895,495396,30.28,357,286,71,no,0.01,,,,,605.42,15:55:54,16:01:51
154,2017/08/03,16:01:52,Git 0.3,DELL,MapReduce,8,367,0,,,12810361,651.73,2,,,,9907924,0.05,17895,495396,30.28,362,289,73,no,0.01,,,,,605.42,16:01:57,16:07:59
155,2017/08/03,16:08:01,Git 0.3,DELL,Sequential,1,282,0,,,12810361,651.73,2,,,,9907924,0.06,17895,594475,36.34,276,147,128,no,0.01,,,,,605.42,16:08:07,16:12:43
156,2017/08/03,16:12:43,Git 0.3,DELL,MapReduce,1,487,0,,,12810361,651.73,3,,,,9907924,0.06,17895,594475,36.34,481,406,75,no,0.01,,,,,605.42,16:12:49,16:20:50
157,2017/08/03,16:20:51,Git 0.3,DELL,MapReduce,2,429,0,,,12810361,651.73,3,,,,9907924,0.06,17895,594475,36.34,423,348,74,no,0.01,,,,,605.42,16:20:57,16:28:00
158,2017/08/03,16:28:01,Git 0.3,DELL,MapReduce,3,459,0,,,12810361,651.73,3,,,,9907924,0.06,17895,594475,36.34,452,372,80,no,0.01,,,,,605.42,16:28:08,16:35:40
1,2017/08/03,20:33:27,Git 0.3,ASUS,Sequential,1,10692,0,,,12810361,651.73,3,,,,9907924,0.45,17895,4458566,272.43,10678,4638,6027,yes,0.01,,,,,605.42,20:33:41,23:31:39
1,2017/08/03,23:31:54,Git 0.3,ASUS,MapReduce,1,5520,0,,,12810361,651.73,8,,,,9907924,0.45,17895,4458566,272.43,5500,4805,695,yes,0.01,,,,,605.42,23:32:14,01:03:54
1,2017/08/04,01:04:12,Git 0.3,ASUS,MapReduce,2,4744,0,,,12810361,651.73,9,,,,9907924,0.45,17895,4458566,272.43,4722,3976,745,yes,0.01,,,,,605.42,01:04:34,02:23:16
1,2017/08/04,02:23:34,Git 0.3,ASUS,MapReduce,3,4515,0,,,12810361,651.73,10,,,,9907924,0.45,17895,4458566,272.43,4491,3682,808,yes,0.01,,,,,605.42,02:23:58,03:38:49
1,2017/08/04,03:39:09,Git 0.3,ASUS,MapReduce,4,4411,0,,,12810361,651.73,12,,,,9907924,0.45,17895,4458566,272.43,4385,3526,859,yes,0.01,,,,,605.42,03:39:35,04:52:40
1,2017/08/04,04:52:58,Git 0.3,ASUS,MapReduce,5,4264,0,,,12810361,651.73,12,,,,9907924,0.45,17895,4458566,272.43,4238,3330,907,yes,0.01,,,,,605.42,04:53:24,06:04:02
1,2017/08/04,06:04:20,Git 0.3,ASUS,MapReduce,6,4157,0,,,12810361,651.73,12,,,,9907924,0.45,17895,4458566,272.43,4132,3245,885,yes,0.01,,,,,605.42,06:04:45,07:13:37
1,2017/08/04,07:13:55,Git 0.3,ASUS,MapReduce,7,4140,0,,,12810361,651.73,12,,,,9907924,0.45,17895,4458566,272.43,4115,3226,889,yes,0.01,,,,,605.42,07:14:20,08:22:55
1,2017/08/04,08:23:14,Git 0.3,ASUS,MapReduce,8,4387,0,,,12810361,651.73,12,,,,9907924,0.45,17895,4458566,272.43,4361,3010,1351,yes,0.01,,,,,605.42,08:23:40,09:36:21
